{
  "rule_based": {
    "accuracy": 0.21806666666666666,
    "precision": {
      "0": 0.18121693121693122,
      "1": 0.00695338655678599,
      "2": 0.0,
      "3": 0.7537481259370314
    },
    "recall": {
      "0": 0.3443172298240715,
      "1": 0.007254164427727029,
      "2": 0.0,
      "3": 0.42988456605386915
    },
    "f1": {
      "0": 0.23745787193066925,
      "1": 0.007100591715976332,
      "2": 0.0,
      "3": 0.5475088483528451
    },
    "confusion_matrix": [
      [
        1233,
        1691,
        0,
        657
      ],
      [
        3695,
        27,
        0,
        0
      ],
      [
        1774,
        1245,
        0,
        0
      ],
      [
        102,
        920,
        1645,
        2011
      ]
    ],
    "n_samples": 15000,
    "avg_reward": -0.288,
    "scenario_accuracy": {
      "optimal_safe": 0.37133333333333335,
      "borderline_caution": 0.015333333333333332,
      "warning_hot": 0.0,
      "critical_extreme": 1.0,
      "acidic_stress": 0.034666666666666665,
      "cold_stress": 0.4,
      "swing_alkaline": 0.0,
      "swing_temp": 0.0,
      "random_chaos": 0.037333333333333336,
      "critical_chaos": 0.322
    }
  },
  "fql": {
    "accuracy": 0.7154666666666667,
    "precision": {
      "0": 0.9542790152403282,
      "1": 0.5611077664057796,
      "2": 0.582076874070928,
      "3": 0.9902831760133259
    },
    "recall": {
      "0": 0.4277456647398844,
      "1": 0.9542662116040955,
      "2": 0.9873919308357348,
      "3": 0.6499635568513119
    },
    "f1": {
      "0": 0.5907111756168361,
      "1": 0.7066852015670416,
      "2": 0.7323981295925184,
      "3": 0.7848184818481848
    },
    "confusion_matrix": [
      [
        1628,
        2178,
        0,
        0
      ],
      [
        21,
        2796,
        113,
        0
      ],
      [
        0,
        0,
        2741,
        35
      ],
      [
        57,
        9,
        1855,
        3567
      ]
    ],
    "n_samples": 15000,
    "avg_reward": 0.571,
    "scenario_accuracy": {
      "optimal_safe": 0.22266666666666668,
      "borderline_caution": 0.7113333333333334,
      "warning_hot": 0.512,
      "critical_extreme": 0.9666666666666667,
      "acidic_stress": 0.9846666666666667,
      "cold_stress": 0.5366666666666666,
      "swing_alkaline": 1.0,
      "swing_temp": 1.0,
      "random_chaos": 0.49,
      "critical_chaos": 0.7306666666666667
    }
  },
  "dqn": {
    "accuracy": 0.9839333333333333,
    "precision": {
      "0": 0.9873006497341996,
      "1": 0.992749731471536,
      "2": 0.9868642640619737,
      "3": 0.9731761837024995
    },
    "recall": {
      "0": 1.0,
      "1": 0.9783011378671607,
      "2": 0.9485270314017481,
      "3": 1.0
    },
    "f1": {
      "0": 0.9936097488482687,
      "1": 0.9854724776755965,
      "2": 0.9673159458567184,
      "3": 0.9864057672502574
    },
    "confusion_matrix": [
      [
        3343,
        0,
        0,
        0
      ],
      [
        43,
        3697,
        39,
        0
      ],
      [
        0,
        27,
        2930,
        132
      ],
      [
        0,
        0,
        0,
        4789
      ]
    ],
    "n_samples": 15000,
    "avg_reward": 0.9759,
    "scenario_accuracy": {
      "optimal_safe": 0.9733333333333334,
      "borderline_caution": 0.9273333333333333,
      "warning_hot": 0.9686666666666667,
      "critical_extreme": 1.0,
      "acidic_stress": 1.0,
      "cold_stress": 0.9873333333333333,
      "swing_alkaline": 1.0,
      "swing_temp": 1.0,
      "random_chaos": 0.9826666666666667,
      "critical_chaos": 1.0
    }
  },
  "config": {
    "buffer_size": 60000,
    "test_episodes": 50
  }
}