{
  "rule_based": {
    "accuracy": 0.2604666666666667,
    "precision": {
      "0": 0.22984450542271004,
      "1": 0.05001462415911085,
      "2": 0.0,
      "3": 0.8145859085290482
    },
    "recall": {
      "0": 0.5524497487437185,
      "1": 0.04375639713408393,
      "2": 0.0,
      "3": 0.40999585234342595
    },
    "f1": {
      "0": 0.32462858724739313,
      "1": 0.04667667531049543,
      "2": 0.0,
      "3": 0.5454545454545455
    },
    "confusion_matrix": [
      [
        1759,
        975,
        0,
        450
      ],
      [
        3737,
        171,
        0,
        0
      ],
      [
        1620,
        1466,
        0,
        0
      ],
      [
        537,
        807,
        1501,
        1977
      ]
    ],
    "n_samples": 15000,
    "avg_reward": -0.2231,
    "scenario_accuracy": {
      "optimal_safe": 0.4,
      "borderline_caution": 0.11333333333333333,
      "warning_hot": 0.0006666666666666666,
      "critical_extreme": 0.8753333333333333,
      "acidic_stress": 0.05,
      "cold_stress": 0.464,
      "swing_alkaline": 0.0,
      "swing_temp": 0.0,
      "random_chaos": 0.3406666666666667,
      "critical_chaos": 0.3606666666666667
    }
  },
  "fql": {
    "accuracy": 0.709,
    "precision": {
      "0": 0.6365795724465558,
      "1": 0.6309157098851862,
      "2": 0.657074340527578,
      "3": 0.9280368451352907
    },
    "recall": {
      "0": 0.6294773928361714,
      "1": 0.7443012884043607,
      "2": 0.9034772182254197,
      "3": 0.6163257503345441
    },
    "f1": {
      "0": 0.6330085621493946,
      "1": 0.682934222491664,
      "2": 0.7608229206108797,
      "3": 0.7407237219988513
    },
    "confusion_matrix": [
      [
        2144,
        1262,
        0,
        0
      ],
      [
        671,
        2253,
        103,
        0
      ],
      [
        20,
        52,
        3014,
        250
      ],
      [
        533,
        4,
        1470,
        3224
      ]
    ],
    "n_samples": 15000,
    "avg_reward": 0.5449333333333334,
    "scenario_accuracy": {
      "optimal_safe": 0.15866666666666668,
      "borderline_caution": 0.848,
      "warning_hot": 0.668,
      "critical_extreme": 0.7173333333333334,
      "acidic_stress": 1.0,
      "cold_stress": 0.638,
      "swing_alkaline": 0.9993333333333333,
      "swing_temp": 0.9993333333333333,
      "random_chaos": 0.42866666666666664,
      "critical_chaos": 0.6326666666666667
    }
  },
  "dqn": {
    "accuracy": 0.6402,
    "precision": {
      "0": 0.8263665594855305,
      "1": 0.5119357638888888,
      "2": 0.5028504029880086,
      "3": 0.9229539641943734
    },
    "recall": {
      "0": 0.6083868785931688,
      "1": 0.583044982698962,
      "2": 0.8128376231331427,
      "3": 0.5952577319587629
    },
    "f1": {
      "0": 0.7008180755746007,
      "1": 0.5451814189969957,
      "2": 0.6213262084041778,
      "3": 0.7237402857859112
    },
    "confusion_matrix": [
      [
        1799,
        1158,
        0,
        0
      ],
      [
        205,
        2359,
        1482,
        0
      ],
      [
        32,
        316,
        2558,
        241
      ],
      [
        141,
        775,
        1047,
        2887
      ]
    ],
    "n_samples": 15000,
    "avg_reward": 0.4287,
    "scenario_accuracy": {
      "optimal_safe": 0.5366666666666666,
      "borderline_caution": 0.678,
      "warning_hot": 0.44333333333333336,
      "critical_extreme": 1.0,
      "acidic_stress": 0.9993333333333333,
      "cold_stress": 0.478,
      "swing_alkaline": 0.28733333333333333,
      "swing_temp": 1.0,
      "random_chaos": 0.5106666666666667,
      "critical_chaos": 0.4686666666666667
    }
  },
  "config": {
    "buffer_size": 60000,
    "test_episodes": 50
  }
}