{
  "rule_based": {
    "accuracy": 0.29686666666666667,
    "precision": {
      "0": 0.2595539324377201,
      "1": 0.01646324155549248,
      "2": 0.0,
      "3": 0.9991690901537184
    },
    "recall": {
      "0": 0.5875405963979923,
      "1": 0.014247113731269958,
      "2": 0.0,
      "3": 0.5079197465681098
    },
    "f1": {
      "0": 0.3600506603944274,
      "1": 0.015275217276797473,
      "2": 0.0,
      "3": 0.6734808176981236
    },
    "confusion_matrix": [
      [
        1990,
        1395,
        0,
        2
      ],
      [
        4013,
        58,
        0,
        0
      ],
      [
        1563,
        1244,
        0,
        0
      ],
      [
        101,
        826,
        1403,
        2405
      ]
    ],
    "n_samples": 15000,
    "avg_reward": -0.13776666666666668,
    "episode_rewards": [
      1.0,
      -0.7,
      -0.7016666666666667,
      0.995,
      -0.485,
      -0.5,
      -0.5,
      -1.0,
      0.37333333333333335,
      -0.6733333333333333,
      -0.285,
      -0.7466666666666667,
      -0.625,
      0.97,
      -0.5,
      1.0,
      -0.5,
      -1.0,
      0.87,
      -0.42833333333333334,
      -0.5,
      -0.7116666666666667,
      -0.5166666666666667,
      1.0,
      -0.075,
      0.995,
      -0.5,
      -1.0,
      0.68,
      0.82,
      -0.37,
      -0.485,
      -0.5,
      1.0,
      -0.035,
      -0.5,
      -0.5,
      -1.0,
      0.495,
      1.0,
      -0.5,
      -0.225,
      -0.7133333333333334,
      0.205,
      -0.5033333333333333,
      -0.48,
      -0.5,
      -1.0,
      0.14,
      0.8283333333333334
    ],
    "scenario_accuracy": {
      "optimal_safe": 0.246,
      "borderline_caution": 0.03866666666666667,
      "warning_hot": 0.0,
      "critical_extreme": 0.8893333333333333,
      "acidic_stress": 0.12066666666666667,
      "cold_stress": 0.402,
      "swing_alkaline": 0.0,
      "swing_temp": 0.0,
      "random_chaos": 0.6953333333333334,
      "critical_chaos": 0.5766666666666667
    }
  },
  "fql": {
    "accuracy": 0.8251333333333334,
    "precision": {
      "0": 0.7011603125739996,
      "1": 0.9146273637374861,
      "2": 0.7419263456090651,
      "3": 0.9608326485894275
    },
    "recall": {
      "0": 0.9161509900990099,
      "1": 0.7594089124913415,
      "2": 0.9310344827586207,
      "3": 0.7586505190311419
    },
    "f1": {
      "0": 0.7943661971830986,
      "1": 0.8298221269080359,
      "2": 0.8257922118871196,
      "3": 0.8478549848942598
    },
    "confusion_matrix": [
      [
        2961,
        268,
        3,
        0
      ],
      [
        855,
        3289,
        153,
        34
      ],
      [
        46,
        39,
        2619,
        109
      ],
      [
        361,
        0,
        755,
        3508
      ]
    ],
    "n_samples": 15000,
    "avg_reward": 0.7229,
    "episode_rewards": [
      -0.195,
      0.505,
      0.745,
      1.0,
      1.0,
      -0.095,
      1.0,
      1.0,
      1.0,
      0.8866666666666667,
      0.97,
      0.91,
      0.71,
      0.58,
      1.0,
      1.0,
      1.0,
      1.0,
      0.34,
      0.4766666666666667,
      0.945,
      0.885,
      -0.185,
      0.94,
      0.94,
      0.21,
      1.0,
      1.0,
      0.955,
      0.465,
      1.0,
      0.15,
      0.845,
      1.0,
      1.0,
      0.805,
      1.0,
      1.0,
      -0.40166666666666667,
      0.14,
      1.0,
      0.875,
      0.685,
      0.22,
      1.0,
      -0.095,
      1.0,
      1.0,
      1.0,
      0.9333333333333333
    ],
    "scenario_accuracy": {
      "optimal_safe": 0.8293333333333334,
      "borderline_caution": 0.7766666666666666,
      "warning_hot": 0.7066666666666667,
      "critical_extreme": 0.874,
      "acidic_stress": 0.992,
      "cold_stress": 0.5766666666666667,
      "swing_alkaline": 1.0,
      "swing_temp": 1.0,
      "random_chaos": 0.7393333333333333,
      "critical_chaos": 0.7566666666666667
    }
  },
  "dqn": {
    "accuracy": 0.9854,
    "precision": {
      "0": 1.0,
      "1": 0.9568921011874032,
      "2": 0.9893250688705234,
      "3": 0.9959969500571865
    },
    "recall": {
      "0": 0.9963173752929361,
      "1": 0.9994607710973308,
      "2": 0.9419672131147541,
      "3": 0.9944803958888466
    },
    "f1": {
      "0": 0.9981552909609257,
      "1": 0.977713306079388,
      "2": 0.9650655021834061,
      "3": 0.9952380952380954
    },
    "confusion_matrix": [
      [
        2976,
        11,
        0,
        0
      ],
      [
        0,
        3707,
        2,
        0
      ],
      [
        0,
        156,
        2873,
        21
      ],
      [
        0,
        0,
        29,
        5225
      ]
    ],
    "n_samples": 15000,
    "avg_reward": 0.9781,
    "episode_rewards": [
      1.0,
      0.975,
      1.0,
      1.0,
      1.0,
      1.0,
      1.0,
      0.995,
      0.945,
      0.97,
      1.0,
      0.835,
      1.0,
      1.0,
      1.0,
      0.975,
      1.0,
      1.0,
      0.995,
      0.995,
      1.0,
      0.88,
      0.925,
      1.0,
      1.0,
      1.0,
      1.0,
      0.985,
      0.995,
      1.0,
      1.0,
      0.68,
      1.0,
      1.0,
      1.0,
      1.0,
      1.0,
      1.0,
      0.975,
      1.0,
      1.0,
      0.96,
      1.0,
      1.0,
      1.0,
      1.0,
      1.0,
      0.96,
      0.865,
      0.995
    ],
    "scenario_accuracy": {
      "optimal_safe": 1.0,
      "borderline_caution": 0.9106666666666666,
      "warning_hot": 0.99,
      "critical_extreme": 1.0,
      "acidic_stress": 1.0,
      "cold_stress": 0.9966666666666667,
      "swing_alkaline": 1.0,
      "swing_temp": 0.992,
      "random_chaos": 0.97,
      "critical_chaos": 0.9946666666666667
    }
  },
  "config": {
    "buffer_size": 60000,
    "test_episodes": 50
  }
}