{
  "rule_based": {
    "accuracy": 0.2568666666666667,
    "precision": {
      "0": 0.19325810598485932,
      "1": 0.01160541586073501,
      "2": 0.0,
      "3": 0.8122934567085262
    },
    "recall": {
      "0": 0.40351923650462274,
      "1": 0.010595358224016145,
      "2": 0.0,
      "3": 0.5264510601841936
    },
    "f1": {
      "0": 0.26134827119953646,
      "1": 0.01107740999604378,
      "2": 0.0,
      "3": 0.638856400259909
    },
    "confusion_matrix": [
      [
        1353,
        1432,
        0,
        568
      ],
      [
        3922,
        42,
        0,
        0
      ],
      [
        1695,
        1319,
        0,
        0
      ],
      [
        31,
        826,
        1354,
        2458
      ]
    ],
    "n_samples": 15000,
    "avg_reward": -0.2187,
    "scenario_accuracy": {
      "optimal_safe": 0.017333333333333333,
      "borderline_caution": 0.028,
      "warning_hot": 0.0,
      "critical_extreme": 0.9726666666666667,
      "acidic_stress": 0.092,
      "cold_stress": 0.5586666666666666,
      "swing_alkaline": 0.0,
      "swing_temp": 0.0,
      "random_chaos": 0.416,
      "critical_chaos": 0.484
    }
  },
  "fql": {
    "accuracy": 0.8199333333333333,
    "precision": {
      "0": 0.7772373540856031,
      "1": 0.9095295536791315,
      "2": 0.6875319366377107,
      "3": 0.9283761618370694
    },
    "recall": {
      "0": 0.914187643020595,
      "1": 0.821574502860256,
      "2": 0.9091216216216216,
      "3": 0.6969012928380874
    },
    "f1": {
      "0": 0.8401682439537329,
      "1": 0.8633175898096465,
      "2": 0.7829502473086994,
      "3": 0.7961551986871411
    },
    "confusion_matrix": [
      [
        3196,
        300,
        0,
        0
      ],
      [
        437,
        3016,
        217,
        1
      ],
      [
        8,
        0,
        2691,
        261
      ],
      [
        471,
        0,
        1006,
        3396
      ]
    ],
    "n_samples": 15000,
    "avg_reward": 0.7139,
    "scenario_accuracy": {
      "optimal_safe": 0.8,
      "borderline_caution": 0.7446666666666667,
      "warning_hot": 0.588,
      "critical_extreme": 0.9353333333333333,
      "acidic_stress": 1.0,
      "cold_stress": 0.7493333333333333,
      "swing_alkaline": 0.9993333333333333,
      "swing_temp": 1.0,
      "random_chaos": 0.7606666666666667,
      "critical_chaos": 0.622
    }
  },
  "dqn": {
    "accuracy": 0.9718666666666667,
    "precision": {
      "0": 0.9890498057223596,
      "1": 0.9518687819306265,
      "2": 0.9558734023128423,
      "3": 0.9870255615801704
    },
    "recall": {
      "0": 0.9786787836420832,
      "1": 0.9552077711818673,
      "2": 0.944377630787733,
      "3": 0.9980419032700215
    },
    "f1": {
      "0": 0.9838369641602248,
      "1": 0.9535353535353536,
      "2": 0.9500907441016333,
      "3": 0.9925031642488559
    },
    "confusion_matrix": [
      [
        2800,
        61,
        0,
        0
      ],
      [
        31,
        3540,
        135,
        0
      ],
      [
        0,
        118,
        3141,
        67
      ],
      [
        0,
        0,
        10,
        5097
      ]
    ],
    "n_samples": 15000,
    "avg_reward": 0.9578,
    "scenario_accuracy": {
      "optimal_safe": 1.0,
      "borderline_caution": 0.9166666666666666,
      "warning_hot": 0.9866666666666667,
      "critical_extreme": 1.0,
      "acidic_stress": 1.0,
      "cold_stress": 0.906,
      "swing_alkaline": 1.0,
      "swing_temp": 1.0,
      "random_chaos": 0.9093333333333333,
      "critical_chaos": 1.0
    }
  },
  "config": {
    "buffer_size": 60000,
    "test_episodes": 50
  }
}