{
  "rule_based": {
    "accuracy": 0.7564666666666666,
    "precision": {
      "0": 0.8019449963400607,
      "1": 0.783066132264529,
      "2": 0.2746201463140124,
      "3": 0.876165861332734
    },
    "recall": {
      "0": 0.8296192124621377,
      "1": 0.6425488180883865,
      "2": 0.6532797858099063,
      "3": 0.8179815358791439
    },
    "f1": {
      "0": 0.8155474025628756,
      "1": 0.7058823529411766,
      "2": 0.3866877971473851,
      "3": 0.8460745483153382
    },
    "confusion_matrix": [
      [
        7669,
        742,
        833,
        0
      ],
      [
        1762,
        6252,
        884,
        832
      ],
      [
        132,
        116,
        976,
        270
      ],
      [
        0,
        874,
        861,
        7797
      ]
    ],
    "n_samples": 30000,
    "avg_reward": 0.5901833333333333,
    "avg_episode_reward": 0.5901833333333334,
    "std_episode_reward": 0.10600789933878618,
    "episode_rewards": [
      0.39,
      0.6625,
      0.6375,
      0.4925,
      0.585,
      0.6525,
      0.5775,
      0.4025,
      0.71,
      0.6125,
      0.565,
      0.4475,
      0.66,
      0.53,
      0.4975,
      0.74,
      0.7025,
      0.4875,
      0.4525,
      0.6025,
      0.62,
      0.545,
      0.645,
      0.6575,
      0.45,
      0.53,
      0.7025,
      0.67,
      0.4975,
      0.7,
      0.7,
      0.545,
      0.51,
      0.7075,
      0.595,
      0.405,
      0.6425,
      0.69,
      0.57,
      0.385,
      0.6375,
      0.735,
      0.4175,
      0.7,
      0.6025,
      0.465,
      0.475,
      0.7475,
      0.6825,
      0.565,
      0.72,
      0.635,
      0.46,
      0.455,
      0.675,
      0.7075,
      0.535,
      0.72,
      0.6425,
      0.515,
      0.5025,
      0.6925,
      0.7,
      0.485,
      0.6325,
      0.7475,
      0.575,
      0.435,
      0.7225,
      0.7375,
      0.47,
      0.6925,
      0.67,
      0.615,
      0.47,
      0.7725,
      0.6725,
      0.4975,
      0.6825,
      0.7025,
      0.525,
      0.5,
      0.5825,
      0.615,
      0.5175,
      0.675,
      0.7625,
      0.4625,
      0.3675,
      0.7525,
      0.7125,
      0.4525,
      0.65,
      0.595,
      0.4775,
      0.4125,
      0.6975,
      0.665,
      0.3975,
      0.67,
      0.655,
      0.5275,
      0.5525,
      0.685,
      0.61,
      0.51,
      0.715,
      0.6825,
      0.395,
      0.3975,
      0.6125,
      0.6425,
      0.5375,
      0.705,
      0.65,
      0.5375,
      0.4825,
      0.655,
      0.46,
      0.44,
      0.605,
      0.7525,
      0.56,
      0.4425,
      0.605,
      0.6025,
      0.595,
      0.68,
      0.7675,
      0.5225,
      0.5475,
      0.58,
      0.665,
      0.5025,
      0.625,
      0.675,
      0.45,
      0.4225,
      0.665,
      0.52,
      0.3775,
      0.6825,
      0.6625,
      0.55,
      0.485,
      0.75,
      0.6225,
      0.5375,
      0.7225,
      0.6675
    ]
  },
  "fql": {
    "accuracy": 0.8315666666666667,
    "precision": {
      "0": 0.8960583532052181,
      "1": 0.7384262796027502,
      "2": 0.013888888888888888,
      "3": 0.9158512720156555
    },
    "recall": {
      "0": 0.704688361831219,
      "1": 0.9714572864321608,
      "2": 0.0006887052341597796,
      "3": 0.9327598867093255
    },
    "f1": {
      "0": 0.7889341731505495,
      "1": 0.8390624999999999,
      "2": 0.0013123359580052493,
      "3": 0.9242282507015902
    },
    "confusion_matrix": [
      [
        6388,
        2634,
        28,
        15
      ],
      [
        218,
        9666,
        19,
        47
      ],
      [
        9,
        687,
        1,
        755
      ],
      [
        514,
        103,
        24,
        8892
      ]
    ],
    "n_samples": 30000,
    "avg_reward": 0.7354166666666667,
    "avg_episode_reward": 0.7354166666666667,
    "std_episode_reward": 0.1783237731082302,
    "episode_rewards": [
      0.5475,
      0.9825,
      0.88,
      0.5275,
      0.5125,
      0.86,
      0.59,
      0.6325,
      0.9925,
      0.8725,
      0.5,
      0.58,
      0.94,
      0.3975,
      0.575,
      0.955,
      0.8725,
      0.63,
      0.645,
      0.9,
      0.775,
      0.6125,
      0.9825,
      0.915,
      0.5775,
      0.6025,
      0.9,
      0.5025,
      0.61,
      0.965,
      0.9,
      0.67,
      0.6225,
      0.8825,
      0.7475,
      0.625,
      0.9925,
      0.8725,
      0.535,
      0.6475,
      0.88,
      0.51,
      0.635,
      0.96,
      0.8875,
      0.49,
      0.65,
      0.8225,
      0.46,
      0.67,
      0.9825,
      0.875,
      0.6025,
      0.5375,
      0.8925,
      0.7375,
      0.6075,
      0.985,
      0.895,
      0.57,
      0.5575,
      0.9,
      0.55,
      0.6375,
      0.9625,
      0.8625,
      0.5275,
      0.655,
      0.96,
      0.4875,
      0.59,
      1.0,
      0.9025,
      0.5175,
      0.6475,
      0.88,
      0.765,
      0.615,
      0.9675,
      0.8625,
      0.585,
      0.665,
      0.8425,
      0.0775,
      0.6275,
      0.98,
      0.93,
      0.5875,
      0.6325,
      0.905,
      0.4575,
      0.6525,
      0.98,
      0.8525,
      0.61,
      0.67,
      0.9,
      0.5725,
      0.6375,
      1.0,
      0.875,
      0.565,
      0.57,
      0.84,
      0.4275,
      0.685,
      0.9725,
      0.9,
      0.4925,
      0.5575,
      0.845,
      0.88,
      0.6075,
      1.0,
      0.885,
      0.5325,
      0.6225,
      0.795,
      0.675,
      0.625,
      0.98,
      0.8475,
      0.5175,
      0.6175,
      0.8725,
      0.6625,
      0.6775,
      0.9925,
      0.915,
      0.61,
      0.745,
      0.855,
      0.4675,
      0.5975,
      0.9725,
      0.8925,
      0.5575,
      0.7225,
      0.915,
      0.5825,
      0.67,
      0.9725,
      0.8875,
      0.5225,
      0.7025,
      0.88,
      0.8775,
      0.6425,
      0.975,
      0.8375
    ]
  },
  "dqn": {
    "accuracy": 0.9651,
    "precision": {
      "0": 0.9726440375167485,
      "1": 0.9734279918864097,
      "2": 0.7358090185676393,
      "3": 0.9954833853102484
    },
    "recall": {
      "0": 0.9756944444444444,
      "1": 0.9506735340729001,
      "2": 0.9409769335142469,
      "3": 0.9742159545358872
    },
    "f1": {
      "0": 0.9741668530530083,
      "1": 0.9619162156744839,
      "2": 0.8258410241143197,
      "3": 0.9847348545290144
    },
    "confusion_matrix": [
      [
        8711,
        217,
        0,
        0
      ],
      [
        245,
        9598,
        253,
        0
      ],
      [
        0,
        45,
        1387,
        42
      ],
      [
        0,
        0,
        245,
        9257
      ]
    ],
    "n_samples": 30000,
    "avg_reward": 0.94765,
    "avg_episode_reward": 0.9476499999999999,
    "std_episode_reward": 0.023148488071578238,